{
  "name": "UBS Graph Groups Pipeline",
  "timeout_seconds": 0,
  "max_concurrent_runs": 1,
  "tasks": [
    {
      "task_key": "users_delta",
      "description": "Refresh users dimension via /users/delta",
      "notebook_task": {
        "notebook_path": "/Workspace/Repos/ubs/graph/04_users",
        "base_parameters": {
          "uc_catalog": "ubs_platform",
          "uc_schema": "id_graph",
          "secret_scope": "graph",
          "mode": "delta"
        }
      },
      "retry_on_failure": true,
      "max_retries": 3,
      "min_retry_interval_millis": 30000,
      "retry_on_timeout": true
    },
    {
      "task_key": "groups_delta",
      "depends_on": [
        {
          "task_key": "users_delta"
        }
      ],
      "description": "Sync groups via /groups/delta",
      "notebook_task": {
        "notebook_path": "/Workspace/Repos/ubs/graph/01_groups",
        "base_parameters": {
          "uc_catalog": "ubs_platform",
          "uc_schema": "id_graph",
          "secret_scope": "graph",
          "mode": "delta"
        }
      },
      "retry_on_failure": true,
      "max_retries": 3,
      "min_retry_interval_millis": 30000,
      "retry_on_timeout": true
    },
    {
      "task_key": "members_delta",
      "depends_on": [
        {
          "task_key": "groups_delta"
        }
      ],
      "description": "Per-group members delta",
      "notebook_task": {
        "notebook_path": "/Workspace/Repos/ubs/graph/02_members",
        "base_parameters": {
          "uc_catalog": "ubs_platform",
          "uc_schema": "id_graph",
          "secret_scope": "graph",
          "mode": "delta",
          "max_parallel": "48"
        }
      },
      "retry_on_failure": true,
      "max_retries": 3,
      "min_retry_interval_millis": 30000,
      "retry_on_timeout": true
    },
    {
      "task_key": "owners_refresh",
      "depends_on": [
        {
          "task_key": "members_delta"
        }
      ],
      "description": "Refresh owners for changed groups",
      "notebook_task": {
        "notebook_path": "/Workspace/Repos/ubs/graph/03_owners",
        "base_parameters": {
          "uc_catalog": "ubs_platform",
          "uc_schema": "id_graph",
          "secret_scope": "graph",
          "mode": "delta",
          "max_parallel": "24"
        }
      },
      "retry_on_failure": true,
      "max_retries": 3,
      "min_retry_interval_millis": 30000,
      "retry_on_timeout": true
    }
  ],
  "job_clusters": [
    {
      "job_cluster_key": "graph_io_cluster",
      "new_cluster": {
        "spark_version": "13.3.x-scala2.12",
        "num_workers": 8,
        "node_type_id": "i3.xlarge",
        "azure_attributes": {},
        "autoscale": {
          "min_workers": 4,
          "max_workers": 32
        },
        "spark_env_vars": {
          "PYSPARK_PYTHON": "/databricks/python3/bin/python3"
        }
      }
    }
  ],
  "schedule": null
}